"País","Aérea","Marítima","Região","Continente","Ano"
"África do Sul","Sim","Sim","África","África","2006"
"Angola","Sim","Sim","África","África","2006"
"Cabo Verde","Sim","Não","África","África","2006"
"Nigéria","Sim","Sim","África","África","2006"
"Outros","Sim","Sim","África","África","2006"
"Costa Rica","Sim","Sim","América Central","América","2006"
"Panamá","Sim","Sim","América Central","América","2006"
"Porto Rico","Sim","Sim","América Central","América","2006"
"Outros","Sim","Sim","América Central","América","2006"
"Canadá","Sim","Sim","América do Norte","América","2006"
"Estados Unidos","Sim","Sim","América do Norte","América","2006"
"México","Sim","Sim","América do Norte","América","2006"
"Argentina","Sim","Sim","América do Sul","América","2006"
"Bolívia","Sim","Sim","América do Sul","América","2006"
"Chile","Sim","Sim","América do Sul","América","2006"
"Colômbia","Sim","Sim","América do Sul","América","2006"
"Equador","Sim","Sim","América do Sul","América","2006"
"Guiana Francesa","Sim","Sim","América do Sul","América","2006"
"Paraguai","Sim","Sim","América do Sul","América","2006"
"Peru","Sim","Sim","América do Sul","América","2006"
"República da Guiana","Sim","Não","América do Sul","América","2006"
"Suriname","Sim","Não","América do Sul","América","2006"
"Uruguai","Sim","Sim","América do Sul","América","2006"
"Venezuela","Sim","Sim","América do Sul","América","2006"
"China","Sim","Sim","Ásia","Ásia","2006"
"Japão","Sim","Sim","Ásia","Ásia","2006"
"República da Coréia","Sim","Sim","Ásia","Ásia","2006"
"Outros","Sim","Sim","Ásia","Ásia","2006"
"Alemanha","Sim","Sim","Europa","Europa","2006"
"Áustria","Sim","Sim","Europa","Europa","2006"
"Bélgica","Sim","Sim","Europa","Europa","2006"
"Dinamarca","Sim","Sim","Europa","Europa","2006"
"Espanha","Sim","Sim","Europa","Europa","2006"
"Finlândia","Sim","Sim","Europa","Europa","2006"
"França","Sim","Sim","Europa","Europa","2006"
"Grécia","Sim","Sim","Europa","Europa","2006"
"Holanda","Sim","Sim","Europa","Europa","2006"
"Hungria","Sim","Sim","Europa","Europa","2006"
"Inglaterra","Sim","Sim","Europa","Europa","2006"
"Irlanda","Sim","Sim","Europa","Europa","2006"
"Itália","Sim","Sim","Europa","Europa","2006"
"Noruega","Sim","Sim","Europa","Europa","2006"
"Polônia","Sim","Sim","Europa","Europa","2006"
"Portugal","Sim","Sim","Europa","Europa","2006"
"Suécia","Sim","Sim","Europa","Europa","2006"
"Suíça","Sim","Sim","Europa","Europa","2006"
"Outros","Sim","Sim","Europa","Europa","2006"
"Austrália","Sim","Sim","Oceania","Oceania","2006"
"Nova Zelândia","Sim","Sim","Oceania","Oceania","2006"
"Arábia Saudita","Sim","Não","Oriente Médio","Ásia","2006"
"Iraque","Sim","Sim","Oriente Médio","Ásia","2006"
"Israel","Sim","Sim","Oriente Médio","Ásia","2006"
"Outros","Sim","Sim","Oriente Médio","Ásia","2006"
"Países não especificados","Sim","Sim","Desconhecido","Ásia","2006"
"África do Sul","Sim","Sim","África","África","2007"
"Angola","Sim","Sim","África","África","2007"
"Cabo Verde","Sim","Não","África","África","2007"
"Nigéria","Sim","Sim","África","África","2007"
"Outros","Sim","Sim","África","África","2007"
"Costa Rica","Sim","Sim","América Central e Caribe","América","2007"
"Cuba","Não","Não","América Central e Caribe","América","2007"
"Guatemala","Não","Não","América Central e Caribe","América","2007"
"Panamá","Sim","Sim","América Central e Caribe","América","2007"
"Outros","Sim","Sim","América Central e Caribe","América","2007"
"Canadá","Sim","Sim","América do Norte","América","2007"
"Estados Unidos","Sim","Sim","América do Norte","América","2007"
"México","Sim","Sim","América do Norte","América","2007"
"Argentina","Sim","Sim","América do Sul","América","2007"
"Bolívia","Sim","Sim","América do Sul","América","2007"
"Chile","Sim","Sim","América do Sul","América","2007"
"Colômbia","Sim","Sim","América do Sul","América","2007"
"Equador","Sim","Sim","América do Sul","América","2007"
"Guiana Francesa","Sim","Sim","América do Sul","América","2007"
"Paraguai","Sim","Sim","América do Sul","América","2007"
"Peru","Sim","Sim","América do Sul","América","2007"
"República da Guiana","Não","Não","América do Sul","América","2007"
"Suriname","Sim","Não","América do Sul","América","2007"
"Uruguai","Sim","Sim","América do Sul","América","2007"
"Venezuela","Sim","Sim","América do Sul","América","2007"
"China","Sim","Sim","Ásia","Ásia","2007"
"índia","Não","Não","Ásia","Ásia","2007"
"Israel","Sim","Sim","Ásia","Ásia","2007"
"Japão","Sim","Sim","Ásia","Ásia","2007"
"República da Coréia","Sim","Sim","Ásia","Ásia","2007"
"Outros","Sim","Sim","Ásia","Ásia","2007"
"Alemanha","Sim","Sim","Europa","Europa","2007"
"Áustria","Sim","Sim","Europa","Europa","2007"
"Bélgica","Sim","Sim","Europa","Europa","2007"
"Dinamarca","Sim","Sim","Europa","Europa","2007"
"Espanha","Sim","Sim","Europa","Europa","2007"
"Finlândia","Sim","Sim","Europa","Europa","2007"
"França","Sim","Sim","Europa","Europa","2007"
"Grécia","Sim","Sim","Europa","Europa","2007"
"Holanda","Sim","Sim","Europa","Europa","2007"
"Hungria","Sim","Sim","Europa","Europa","2007"
"Inglaterra","Sim","Sim","Europa","Europa","2007"
"Irlanda","Sim","Sim","Europa","Europa","2007"
"Itália","Sim","Sim","Europa","Europa","2007"
"Noruega","Sim","Sim","Europa","Europa","2007"
"Polônia","Sim","Sim","Europa","Europa","2007"
"Portugal","Sim","Sim","Europa","Europa","2007"
"República Tcheca","Não","Não","Europa","Europa","2007"
"Rússia","Não","Não","Europa","Europa","2007"
"Suécia","Sim","Sim","Europa","Europa","2007"
"Suíça","Sim","Sim","Europa","Europa","2007"
"Outros","Sim","Sim","Europa","Europa","2007"
"Austrália","Sim","Sim","Oceania","Oceania","2007"
"Nova Zelândia","Sim","Sim","Oceania","Oceania","2007"
"Outros","Sim","Não","Oceania","Oceania","2007"
"Países não especificados","Sim","Sim","Desconhecido","Oceania","2007"
"África do Sul","Sim","Sim","África","África","2008"
"Angola","Sim","Não","África","África","2008"
"Cabo Verde","Sim","Não","África","África","2008"
"Nigéria","Sim","Não","África","África","2008"
"Outros","Sim","Sim","África","África","2008"
"Costa Rica","Sim","Sim","América Central e Caribe","América","2008"
"Cuba","Sim","Sim","América Central e Caribe","América","2008"
"Guatemala","Sim","Sim","América Central e Caribe","América","2008"
"Panamá","Sim","Sim","América Central e Caribe","América","2008"
"Outros","Sim","Sim","América Central e Caribe","América","2008"
"Canadá","Sim","Sim","América do Norte","América","2008"
"Estados Unidos","Sim","Sim","América do Norte","América","2008"
"México","Sim","Sim","América do Norte","América","2008"
"Argentina","Sim","Sim","América do Sul","América","2008"
"Bolívia","Sim","Sim","América do Sul","América","2008"
"Chile","Sim","Sim","América do Sul","América","2008"
"Colômbia","Sim","Sim","América do Sul","América","2008"
"Equador","Sim","Sim","América do Sul","América","2008"
"Guiana Francesa","Não","Não","América do Sul","América","2008"
"Paraguai","Sim","Não","América do Sul","América","2008"
"Peru","Sim","Sim","América do Sul","América","2008"
"República da Guiana","Sim","Não","América do Sul","América","2008"
"Suriname","Sim","Não","América do Sul","América","2008"
"Uruguai","Sim","Sim","América do Sul","América","2008"
"Venezuela","Sim","Sim","América do Sul","América","2008"
"China","Sim","Sim","Ásia","Ásia","2008"
"índia","Sim","Sim","Ásia","Ásia","2008"
"Israel","Sim","Sim","Ásia","Ásia","2008"
"Japão","Sim","Sim","Ásia","Ásia","2008"
"República da Coréia","Sim","Sim","Ásia","Ásia","2008"
"Outros","Sim","Sim","Ásia","Ásia","2008"
"Alemanha","Sim","Sim","Europa","Europa","2008"
"Áustria","Sim","Sim","Europa","Europa","2008"
"Bélgica","Sim","Sim","Europa","Europa","2008"
"Dinamarca","Sim","Sim","Europa","Europa","2008"
"Espanha","Sim","Sim","Europa","Europa","2008"
"Finlândia","Sim","Sim","Europa","Europa","2008"
"França","Sim","Sim","Europa","Europa","2008"
"Grécia","Sim","Sim","Europa","Europa","2008"
"Holanda","Sim","Sim","Europa","Europa","2008"
"Hungria","Sim","Sim","Europa","Europa","2008"
"Inglaterra","Sim","Sim","Europa","Europa","2008"
"Irlanda","Sim","Sim","Europa","Europa","2008"
"Itália","Sim","Sim","Europa","Europa","2008"
"Noruega","Sim","Sim","Europa","Europa","2008"
"Polônia","Sim","Sim","Europa","Europa","2008"
"Portugal","Sim","Sim","Europa","Europa","2008"
"República Tcheca","Sim","Sim","Europa","Europa","2008"
"Rússia","Sim","Sim","Europa","Europa","2008"
"Suécia","Sim","Sim","Europa","Europa","2008"
"Suíça","Sim","Sim","Europa","Europa","2008"
"Outros","Sim","Sim","Europa","Europa","2008"
"Austrália","Sim","Sim","Oceania","Oceania","2008"
"Nova Zelândia","Sim","Sim","Oceania","Oceania","2008"
"Outros","Sim","Não","Oceania","Oceania","2008"
"Países não especificados","Sim","Sim","Desconhecido","Oceania","2008"
"África do Sul","Sim","Sim","África","África","2009"
"Angola","Sim","Não","África","África","2009"
"Cabo Verde","Sim","Sim","África","África","2009"
"Nigéria","Sim","Não","África","África","2009"
"Outros","Sim","Sim","África","África","2009"
"Costa Rica","Sim","Sim","América Central e Caribe","América","2009"
"Cuba","Sim","Não","América Central e Caribe","América","2009"
"Guatemala","Sim","Sim","América Central e Caribe","América","2009"
"Panamá","Sim","Sim","América Central e Caribe","América","2009"
"Outros","Sim","Sim","América Central e Caribe","América","2009"
"Canadá","Sim","Sim","América do Norte","América","2009"
"Estados Unidos","Sim","Sim","América do Norte","América","2009"
"México","Sim","Sim","América do Norte","América","2009"
"Argentina","Sim","Sim","América do Sul","América","2009"
"Bolívia","Sim","Sim","América do Sul","América","2009"
"Chile","Sim","Sim","América do Sul","América","2009"
"Colômbia","Sim","Sim","América do Sul","América","2009"
"Equador","Sim","Sim","América do Sul","América","2009"
"Guiana Francesa","Sim","Sim","América do Sul","América","2009"
"Paraguai","Sim","Sim","América do Sul","América","2009"
"Peru","Sim","Sim","América do Sul","América","2009"
"República da Guiana","Sim","Não","América do Sul","América","2009"
"Suriname","Sim","Não","América do Sul","América","2009"
"Uruguai","Sim","Sim","América do Sul","América","2009"
"Venezuela","Sim","Sim","América do Sul","América","2009"
"China","Sim","Sim","Ásia","Ásia","2009"
"índia","Sim","Sim","Ásia","Ásia","2009"
"Israel","Sim","Sim","Ásia","Ásia","2009"
"Japão","Sim","Sim","Ásia","Ásia","2009"
"República da Coréia","Sim","Sim","Ásia","Ásia","2009"
"Outros","Sim","Sim","Ásia","Ásia","2009"
"Alemanha","Sim","Sim","Europa","Europa","2009"
"Áustria","Sim","Sim","Europa","Europa","2009"
"Bélgica","Sim","Sim","Europa","Europa","2009"
"Dinamarca","Sim","Sim","Europa","Europa","2009"
"Espanha","Sim","Sim","Europa","Europa","2009"
"Finlândia","Sim","Sim","Europa","Europa","2009"
"França","Sim","Sim","Europa","Europa","2009"
"Grécia","Sim","Sim","Europa","Europa","2009"
"Holanda","Sim","Sim","Europa","Europa","2009"
"Hungria","Sim","Sim","Europa","Europa","2009"
"Inglaterra","Sim","Sim","Europa","Europa","2009"
"Irlanda","Sim","Sim","Europa","Europa","2009"
"Itália","Sim","Sim","Europa","Europa","2009"
"Noruega","Sim","Sim","Europa","Europa","2009"
"Polônia","Sim","Sim","Europa","Europa","2009"
"Portugal","Sim","Sim","Europa","Europa","2009"
"República Tcheca","Sim","Sim","Europa","Europa","2009"
"Rússia","Sim","Sim","Europa","Europa","2009"
"Suécia","Sim","Sim","Europa","Europa","2009"
"Suíça","Sim","Sim","Europa","Europa","2009"
"Outros","Sim","Sim","Europa","Europa","2009"
"Austrália","Sim","Sim","Oceania","Oceania","2009"
"Nova Zelândia","Sim","Sim","Oceania","Oceania","2009"
"Outros","Sim","Sim","Oceania","Oceania","2009"
"Países não especificados","Sim","Sim","Desconhecido","Oceania","2009"
"África do Sul","Sim","Sim","África","África","2010"
"Angola","Sim","Não","África","África","2010"
"Cabo Verde","Sim","Não","África","África","2010"
"Nigéria","Sim","Não","África","África","2010"
"Outros","Sim","Sim","África","África","2010"
"Costa Rica","Sim","Sim","América Central e Caribe","América","2010"
"Cuba","Sim","Sim","América Central e Caribe","América","2010"
"Guatemala","Sim","Sim","América Central e Caribe","América","2010"
"Panamá","Sim","Sim","América Central e Caribe","América","2010"
"Outros","Sim","Sim","América Central e Caribe","América","2010"
"Canadá","Sim","Sim","América do Norte","América","2010"
"Estados Unidos","Sim","Sim","América do Norte","América","2010"
"México","Sim","Sim","América do Norte","América","2010"
"Argentina","Sim","Sim","América do Sul","América","2010"
"Bolívia","Sim","Sim","América do Sul","América","2010"
"Chile","Sim","Sim","América do Sul","América","2010"
"Colômbia","Sim","Sim","América do Sul","América","2010"
"Equador","Sim","Sim","América do Sul","América","2010"
"Guiana Francesa","Sim","Não","América do Sul","América","2010"
"Paraguai","Sim","Sim","América do Sul","América","2010"
"Peru","Sim","Sim","América do Sul","América","2010"
"República da Guiana","Sim","Não","América do Sul","América","2010"
"Suriname","Sim","Sim","América do Sul","América","2010"
"Uruguai","Sim","Sim","América do Sul","América","2010"
"Venezuela","Sim","Sim","América do Sul","América","2010"
"China","Sim","Sim","Ásia","Ásia","2010"
"índia","Sim","Sim","Ásia","Ásia","2010"
"Israel","Sim","Sim","Ásia","Ásia","2010"
"Japão","Sim","Sim","Ásia","Ásia","2010"
"República da Coréia","Sim","Sim","Ásia","Ásia","2010"
"Outros","Sim","Sim","Ásia","Ásia","2010"
"Alemanha","Sim","Sim","Europa","Europa","2010"
"Áustria","Sim","Sim","Europa","Europa","2010"
"Bélgica","Sim","Sim","Europa","Europa","2010"
"Dinamarca","Sim","Sim","Europa","Europa","2010"
"Espanha","Sim","Sim","Europa","Europa","2010"
"Finlândia","Sim","Sim","Europa","Europa","2010"
"França","Sim","Sim","Europa","Europa","2010"
"Grécia","Sim","Sim","Europa","Europa","2010"
"Holanda","Sim","Sim","Europa","Europa","2010"
"Hungria","Sim","Sim","Europa","Europa","2010"
"Inglaterra","Sim","Sim","Europa","Europa","2010"
"Irlanda","Sim","Sim","Europa","Europa","2010"
"Itália","Sim","Sim","Europa","Europa","2010"
"Noruega","Sim","Sim","Europa","Europa","2010"
"Polônia","Sim","Sim","Europa","Europa","2010"
"Portugal","Sim","Sim","Europa","Europa","2010"
"República Tcheca","Sim","Sim","Europa","Europa","2010"
"Rússia","Sim","Sim","Europa","Europa","2010"
"Suécia","Sim","Sim","Europa","Europa","2010"
"Suíça","Sim","Sim","Europa","Europa","2010"
"Outros","Sim","Sim","Europa","Europa","2010"
"Austrália","Sim","Sim","Oceania","Oceania","2010"
"Nova Zelândia","Sim","Sim","Oceania","Oceania","2010"
"Outros","Sim","Sim","Oceania","Oceania","2010"
"Países não especificados","Sim","Sim","Desconhecido","Oceania","2010"
"África do Sul","Sim","Sim","África","África","2011"
"Angola","Sim","Não","África","África","2011"
"Cabo Verde","Sim","Não","África","África","2011"
"Nigéria","Sim","Não","África","África","2011"
"Outros","Sim","Sim","África","África","2011"
"Costa Rica","Sim","Sim","América Central e Caribe","América","2011"
"Cuba","Sim","Sim","América Central e Caribe","América","2011"
"Guatemala","Sim","Sim","América Central e Caribe","América","2011"
"Panamá","Sim","Sim","América Central e Caribe","América","2011"
"Outros","Sim","Sim","América Central e Caribe","América","2011"
"Canadá","Sim","Sim","América do Norte","América","2011"
"Estados Unidos","Sim","Sim","América do Norte","América","2011"
"México","Sim","Sim","América do Norte","América","2011"
"Argentina","Sim","Sim","América do Sul","América","2011"
"Bolívia","Sim","Sim","América do Sul","América","2011"
"Chile","Sim","Sim","América do Sul","América","2011"
"Colômbia","Sim","Sim","América do Sul","América","2011"
"Equador","Sim","Sim","América do Sul","América","2011"
"Guiana Francesa","Sim","Não","América do Sul","América","2011"
"Paraguai","Sim","Sim","América do Sul","América","2011"
"Peru","Sim","Sim","América do Sul","América","2011"
"República da Guiana","Sim","Não","América do Sul","América","2011"
"Suriname","Sim","Sim","América do Sul","América","2011"
"Uruguai","Sim","Sim","América do Sul","América","2011"
"Venezuela","Sim","Sim","América do Sul","América","2011"
"China","Sim","Sim","Ásia","Ásia","2011"
"índia","Sim","Sim","Ásia","Ásia","2011"
"Israel","Sim","Sim","Ásia","Ásia","2011"
"Japão","Sim","Sim","Ásia","Ásia","2011"
"República da Coréia","Sim","Sim","Ásia","Ásia","2011"
"Outros","Sim","Sim","Ásia","Ásia","2011"
"Alemanha","Sim","Sim","Europa","Europa","2011"
"Áustria","Sim","Sim","Europa","Europa","2011"
"Bélgica","Sim","Sim","Europa","Europa","2011"
"Dinamarca","Sim","Sim","Europa","Europa","2011"
"Espanha","Sim","Sim","Europa","Europa","2011"
"Finlândia","Sim","Sim","Europa","Europa","2011"
"França","Sim","Sim","Europa","Europa","2011"
"Grécia","Sim","Sim","Europa","Europa","2011"
"Holanda","Sim","Sim","Europa","Europa","2011"
"Hungria","Sim","Sim","Europa","Europa","2011"
"Inglaterra","Sim","Sim","Europa","Europa","2011"
"Irlanda","Sim","Sim","Europa","Europa","2011"
"Itália","Sim","Sim","Europa","Europa","2011"
"Noruega","Sim","Sim","Europa","Europa","2011"
"Polônia","Sim","Sim","Europa","Europa","2011"
"Portugal","Sim","Sim","Europa","Europa","2011"
"República Tcheca","Sim","Sim","Europa","Europa","2011"
"Rússia","Sim","Sim","Europa","Europa","2011"
"Suécia","Sim","Sim","Europa","Europa","2011"
"Suíça","Sim","Sim","Europa","Europa","2011"
"Outros","Sim","Sim","Europa","Europa","2011"
"Austrália","Sim","Sim","Oceania","Oceania","2011"
"Nova Zelândia","Sim","Sim","Oceania","Oceania","2011"
"Outros","Sim","Sim","Oceania","Oceania","2011"
"Países não especificados","Sim","Sim","Desconhecido","Oceania","2011"
"África do Sul","Sim","Sim","África","África","2012"
"Angola","Sim","Não","África","África","2012"
"Cabo Verde","Sim","Sim","África","África","2012"
"Nigéria","Sim","Sim","África","África","2012"
"Outros","Sim","Sim","África","África","2012"
"Costa Rica","Sim","Sim","América Central e Caribe","América","2012"
"Cuba","Sim","Sim","América Central e Caribe","América","2012"
"Guatemala","Sim","Sim","América Central e Caribe","América","2012"
"Panamá","Sim","Sim","América Central e Caribe","América","2012"
"Outros","Sim","Sim","América Central e Caribe","América","2012"
"Canadá","Sim","Sim","América do Norte","América","2012"
"Estados Unidos","Sim","Sim","América do Norte","América","2012"
"México","Sim","Sim","América do Norte","América","2012"
"Argentina","Sim","Sim","América do Sul","América","2012"
"Bolívia","Sim","Sim","América do Sul","América","2012"
"Chile","Sim","Sim","América do Sul","América","2012"
"Colômbia","Sim","Sim","América do Sul","América","2012"
"Equador","Sim","Sim","América do Sul","América","2012"
"Guiana Francesa","Sim","Não","América do Sul","América","2012"
"Paraguai","Sim","Sim","América do Sul","América","2012"
"Peru","Sim","Sim","América do Sul","América","2012"
"República da Guiana","Sim","Não","América do Sul","América","2012"
"Suriname","Sim","Não","América do Sul","América","2012"
"Uruguai","Sim","Sim","América do Sul","América","2012"
"Venezuela","Sim","Sim","América do Sul","América","2012"
"China","Sim","Sim","Ásia","Ásia","2012"
"índia","Sim","Sim","Ásia","Ásia","2012"
"Israel","Sim","Sim","Ásia","Ásia","2012"
"Japão","Sim","Sim","Ásia","Ásia","2012"
"República da Coréia","Sim","Sim","Ásia","Ásia","2012"
"Outros","Sim","Sim","Ásia","Ásia","2012"
"Alemanha","Sim","Sim","Europa","Europa","2012"
"Áustria","Sim","Sim","Europa","Europa","2012"
"Bélgica","Sim","Sim","Europa","Europa","2012"
"Dinamarca","Sim","Sim","Europa","Europa","2012"
"Espanha","Sim","Sim","Europa","Europa","2012"
"Finlândia","Sim","Sim","Europa","Europa","2012"
"França","Sim","Sim","Europa","Europa","2012"
"Grécia","Sim","Sim","Europa","Europa","2012"
"Holanda","Sim","Sim","Europa","Europa","2012"
"Hungria","Sim","Sim","Europa","Europa","2012"
"Inglaterra","Sim","Sim","Europa","Europa","2012"
"Irlanda","Sim","Sim","Europa","Europa","2012"
"Itália","Sim","Sim","Europa","Europa","2012"
"Noruega","Sim","Sim","Europa","Europa","2012"
"Polônia","Sim","Sim","Europa","Europa","2012"
"Portugal","Sim","Sim","Europa","Europa","2012"
"República Tcheca","Sim","Sim","Europa","Europa","2012"
"Rússia","Sim","Sim","Europa","Europa","2012"
"Suécia","Sim","Sim","Europa","Europa","2012"
"Suíça","Sim","Sim","Europa","Europa","2012"
"Outros","Sim","Sim","Europa","Europa","2012"
"Austrália","Sim","Sim","Oceania","Oceania","2012"
"Nova Zelândia","Sim","Sim","Oceania","Oceania","2012"
"Outros","Sim","Sim","Oceania","Oceania","2012"
"Países não especificados","Sim","Sim","Desconhecido","Oceania","2012"
"África do Sul","Sim","Sim","África","África","2013"
"Angola","Sim","Não","África","África","2013"
"Cabo Verde","Sim","Não","África","África","2013"
"Nigéria","Sim","Não","África","África","2013"
"Outros","Sim","Sim","África","África","2013"
"Costa Rica","Sim","Sim","América Central e Caribe","América","2013"
"Cuba","Sim","Sim","América Central e Caribe","América","2013"
"Guatemala","Sim","Não","América Central e Caribe","América","2013"
"Panamá","Sim","Sim","América Central e Caribe","América","2013"
"Outros","Sim","Sim","América Central e Caribe","América","2013"
"Canadá","Sim","Sim","América do Norte","América","2013"
"Estados Unidos","Sim","Sim","América do Norte","América","2013"
"México","Sim","Sim","América do Norte","América","2013"
"Argentina","Sim","Sim","América do Sul","América","2013"
"Bolívia","Sim","Sim","América do Sul","América","2013"
"Chile","Sim","Sim","América do Sul","América","2013"
"Colômbia","Sim","Sim","América do Sul","América","2013"
"Equador","Sim","Sim","América do Sul","América","2013"
"Guiana Francesa","Não","Não","América do Sul","América","2013"
"Paraguai","Sim","Sim","América do Sul","América","2013"
"Peru","Sim","Sim","América do Sul","América","2013"
"República da Guiana","Sim","Não","América do Sul","América","2013"
"Suriname","Sim","Não","América do Sul","América","2013"
"Uruguai","Sim","Sim","América do Sul","América","2013"
"Venezuela","Sim","Sim","América do Sul","América","2013"
"China","Sim","Sim","Ásia","Ásia","2013"
"índia","Sim","Sim","Ásia","Ásia","2013"
"Israel","Sim","Sim","Ásia","Ásia","2013"
"Japão","Sim","Sim","Ásia","Ásia","2013"
"República da Coréia","Sim","Sim","Ásia","Ásia","2013"
"Outros","Sim","Sim","Ásia","Ásia","2013"
"Alemanha","Sim","Sim","Europa","Europa","2013"
"Áustria","Sim","Sim","Europa","Europa","2013"
"Bélgica","Sim","Sim","Europa","Europa","2013"
"Dinamarca","Sim","Sim","Europa","Europa","2013"
"Espanha","Sim","Sim","Europa","Europa","2013"
"Finlândia","Sim","Sim","Europa","Europa","2013"
"França","Sim","Sim","Europa","Europa","2013"
"Grécia","Sim","Sim","Europa","Europa","2013"
"Holanda","Sim","Sim","Europa","Europa","2013"
"Hungria","Sim","Sim","Europa","Europa","2013"
"Inglaterra","Sim","Sim","Europa","Europa","2013"
"Irlanda","Sim","Sim","Europa","Europa","2013"
"Itália","Sim","Sim","Europa","Europa","2013"
"Noruega","Sim","Sim","Europa","Europa","2013"
"Polônia","Sim","Sim","Europa","Europa","2013"
"Portugal","Sim","Sim","Europa","Europa","2013"
"República Tcheca","Sim","Sim","Europa","Europa","2013"
"Rússia","Sim","Sim","Europa","Europa","2013"
"Suécia","Sim","Sim","Europa","Europa","2013"
"Suíça","Sim","Sim","Europa","Europa","2013"
"Outros","Sim","Sim","Europa","Europa","2013"
"Austrália","Sim","Sim","Oceania","Oceania","2013"
"Nova Zelândia","Sim","Sim","Oceania","Oceania","2013"
"Outros","Sim","Sim","Oceania","Oceania","2013"
"Países não especificados","Sim","Sim","Desconhecido","Oceania","2013"
"África do Sul","Sim","Sim","África","África","2014"
"Angola","Sim","Não","África","África","2014"
"Cabo Verde","Sim","Não","África","África","2014"
"Nigéria","Sim","Não","África","África","2014"
"Outros","Sim","Sim","África","África","2014"
"Costa Rica","Sim","Sim","América Central e Caribe","América","2014"
"Cuba","Sim","Não","América Central e Caribe","América","2014"
"Guatemala","Sim","Não","América Central e Caribe","América","2014"
"Panamá","Sim","Sim","América Central e Caribe","América","2014"
"Outros","Sim","Sim","América Central e Caribe","América","2014"
"Canadá","Sim","Sim","América do Norte","América","2014"
"Estados Unidos","Sim","Sim","América do Norte","América","2014"
"México","Sim","Sim","América do Norte","América","2014"
"Argentina","Sim","Sim","América do Sul","América","2014"
"Bolívia","Sim","Sim","América do Sul","América","2014"
"Chile","Sim","Sim","América do Sul","América","2014"
"Colômbia","Sim","Sim","América do Sul","América","2014"
"Equador","Sim","Não","América do Sul","América","2014"
"Guiana Francesa","Não","Não","América do Sul","América","2014"
"Paraguai","Sim","Sim","América do Sul","América","2014"
"Peru","Sim","Sim","América do Sul","América","2014"
"República da Guiana","Sim","Não","América do Sul","América","2014"
"Suriname","Sim","Não","América do Sul","América","2014"
"Uruguai","Sim","Sim","América do Sul","América","2014"
"Venezuela","Sim","Sim","América do Sul","América","2014"
"China","Sim","Sim","Ásia","Ásia","2014"
"índia","Sim","Sim","Ásia","Ásia","2014"
"Israel","Sim","Sim","Ásia","Ásia","2014"
"Japão","Sim","Sim","Ásia","Ásia","2014"
"República da Coréia","Sim","Sim","Ásia","Ásia","2014"
"Outros","Sim","Sim","Ásia","Ásia","2014"
"Alemanha","Sim","Sim","Europa","Europa","2014"
"Áustria","Sim","Sim","Europa","Europa","2014"
"Bélgica","Sim","Sim","Europa","Europa","2014"
"Dinamarca","Sim","Sim","Europa","Europa","2014"
"Espanha","Sim","Sim","Europa","Europa","2014"
"Finlândia","Sim","Sim","Europa","Europa","2014"
"França","Sim","Sim","Europa","Europa","2014"
"Grécia","Sim","Não","Europa","Europa","2014"
"Holanda","Sim","Sim","Europa","Europa","2014"
"Hungria","Sim","Sim","Europa","Europa","2014"
"Inglaterra","Sim","Sim","Europa","Europa","2014"
"Irlanda","Sim","Sim","Europa","Europa","2014"
"Itália","Sim","Sim","Europa","Europa","2014"
"Noruega","Sim","Sim","Europa","Europa","2014"
"Polônia","Sim","Sim","Europa","Europa","2014"
"Portugal","Sim","Sim","Europa","Europa","2014"
"República Tcheca","Sim","Não","Europa","Europa","2014"
"Rússia","Sim","Sim","Europa","Europa","2014"
"Suécia","Sim","Sim","Europa","Europa","2014"
"Suíça","Sim","Sim","Europa","Europa","2014"
"Outros","Sim","Sim","Europa","Europa","2014"
"Austrália","Sim","Sim","Oceania","Oceania","2014"
"Nova Zelândia","Sim","Sim","Oceania","Oceania","2014"
"Outros","Sim","Não","Oceania","Oceania","2014"
"Países não especificados","Sim","Não","Desconhecido","Oceania","2014"
"África do Sul","Sim","Sim","África","África","2015"
"Angola","Sim","Não","África","África","2015"
"Cabo Verde","Sim","Sim","África","África","2015"
"Nigéria","Sim","Não","África","África","2015"
"Outros","Sim","Sim","África","África","2015"
"Costa Rica","Sim","Sim","América Central e Caribe","América","2015"
"Cuba","Sim","Não","América Central e Caribe","América","2015"
"Guatemala","Sim","Não","América Central e Caribe","América","2015"
"Panamá","Sim","Sim","América Central e Caribe","América","2015"
"Outros","Sim","Sim","América Central e Caribe","América","2015"
"Canadá","Sim","Sim","América do Norte","América","2015"
"Estados Unidos","Sim","Sim","América do Norte","América","2015"
"México","Sim","Sim","América do Norte","América","2015"
"Argentina","Sim","Sim","América do Sul","América","2015"
"Bolívia","Sim","Sim","América do Sul","América","2015"
"Chile","Sim","Sim","América do Sul","América","2015"
"Colômbia","Sim","Sim","América do Sul","América","2015"
"Equador","Sim","Sim","América do Sul","América","2015"
"Guiana Francesa","Não","Não","América do Sul","América","2015"
"Paraguai","Sim","Sim","América do Sul","América","2015"
"Peru","Sim","Sim","América do Sul","América","2015"
"República da Guiana","Sim","Não","América do Sul","América","2015"
"Suriname","Sim","Não","América do Sul","América","2015"
"Uruguai","Sim","Sim","América do Sul","América","2015"
"Venezuela","Sim","Sim","América do Sul","América","2015"
"China","Sim","Sim","Ásia","Ásia","2015"
"índia","Sim","Sim","Ásia","Ásia","2015"
"Israel","Sim","Sim","Ásia","Ásia","2015"
"Japão","Sim","Sim","Ásia","Ásia","2015"
"República da Coréia","Sim","Sim","Ásia","Ásia","2015"
"Outros","Sim","Sim","Ásia","Ásia","2015"
"Alemanha","Sim","Sim","Europa","Europa","2015"
"Áustria","Sim","Sim","Europa","Europa","2015"
"Bélgica","Sim","Sim","Europa","Europa","2015"
"Dinamarca","Sim","Sim","Europa","Europa","2015"
"Espanha","Sim","Sim","Europa","Europa","2015"
"Finlândia","Sim","Sim","Europa","Europa","2015"
"França","Sim","Sim","Europa","Europa","2015"
"Grécia","Sim","Sim","Europa","Europa","2015"
"Holanda","Sim","Sim","Europa","Europa","2015"
"Hungria","Sim","Sim","Europa","Europa","2015"
"Inglaterra","Sim","Sim","Europa","Europa","2015"
"Irlanda","Sim","Sim","Europa","Europa","2015"
"Itália","Sim","Sim","Europa","Europa","2015"
"Noruega","Sim","Sim","Europa","Europa","2015"
"Polônia","Sim","Sim","Europa","Europa","2015"
"Portugal","Sim","Sim","Europa","Europa","2015"
"República Tcheca","Sim","Sim","Europa","Europa","2015"
"Rússia","Sim","Sim","Europa","Europa","2015"
"Suécia","Sim","Sim","Europa","Europa","2015"
"Suíça","Sim","Sim","Europa","Europa","2015"
"Outros","Sim","Sim","Europa","Europa","2015"
"Austrália","Sim","Sim","Oceania","Oceania","2015"
"Nova Zelândia","Sim","Sim","Oceania","Oceania","2015"
"Outros","Sim","Sim","Oceania","Oceania","2015"
"Países não especificados","Sim","Sim","Desconhecido","Oceania","2015"
"África do Sul","Sim","Sim","África","África","2016"
"Angola","Sim","Não","África","África","2016"
"Cabo Verde","Sim","Não","África","África","2016"
"Egito","Sim","Sim","África","África","2016"
"Gana","Sim","Não","África","África","2016"
"Marrocos","Sim","Não","África","África","2016"
"Moçambique","Sim","Não","África","África","2016"
"Nigéria","Sim","Não","África","África","2016"
"Quênia","Sim","Não","África","África","2016"
"Tunísia","Sim","Não","África","África","2016"
"Outros","Sim","Sim","África","África","2016"
"Costa Rica","Sim","Sim","América Central e Caribe","América","2016"
"Cuba","Sim","Não","América Central e Caribe","América","2016"
"El Salvador","Sim","Não","América Central e Caribe","América","2016"
"Guatemala","Sim","Não","América Central e Caribe","América","2016"
"Haiti","Sim","Não","América Central e Caribe","América","2016"
"Honduras","Sim","Sim","América Central e Caribe","América","2016"
"Nicarágua","Sim","Não","América Central e Caribe","América","2016"
"Panamá","Sim","Não","América Central e Caribe","América","2016"
"República Dominicana","Sim","Sim","América Central e Caribe","América","2016"
"Trinidad e Tobago","Sim","Sim","América Central e Caribe","América","2016"
"Outros","Sim","Sim","América Central e Caribe","América","2016"
"Canadá","Sim","Sim","América do Norte","América","2016"
"Estados Unidos","Sim","Sim","América do Norte","América","2016"
"México","Sim","Sim","América do Norte","América","2016"
"Argentina","Sim","Sim","América do Sul","América","2016"
"Bolívia","Sim","Sim","América do Sul","América","2016"
"Chile","Sim","Sim","América do Sul","América","2016"
"Colômbia","Sim","Sim","América do Sul","América","2016"
"Equador","Sim","Sim","América do Sul","América","2016"
"Guiana","Sim","Não","América do Sul","América","2016"
"Guiana Francesa","Não","Não","América do Sul","América","2016"
"Paraguai","Sim","Sim","América do Sul","América","2016"
"Peru","Sim","Sim","América do Sul","América","2016"
"Suriname","Sim","Não","América do Sul","América","2016"
"Uruguai","Sim","Sim","América do Sul","América","2016"
"Venezuela","Sim","Sim","América do Sul","América","2016"
"Arábia Saudita","Sim","Não","Ásia","Ásia","2016"
"Bangladesh","Sim","Não","Ásia","Ásia","2016"
"China","Sim","Sim","Ásia","Ásia","2016"
"China, Hong Kong","Sim","Sim","Ásia","Ásia","2016"
"Cingapura","Sim","Sim","Ásia","Ásia","2016"
"Filipinas","Sim","Sim","Ásia","Ásia","2016"
"Índia","Sim","Sim","Ásia","Ásia","2016"
"Indonésia","Sim","Não","Ásia","Ásia","2016"
"Irã","Sim","Sim","Ásia","Ásia","2016"
"Israel","Sim","Sim","Ásia","Ásia","2016"
"Japão","Sim","Sim","Ásia","Ásia","2016"
"Líbano","Sim","Não","Ásia","Ásia","2016"
"Malásia","Sim","Sim","Ásia","Ásia","2016"
"Paquistão","Sim","Não","Ásia","Ásia","2016"
"República da Coreia","Sim","Sim","Ásia","Ásia","2016"
"Síria","Sim","Não","Ásia","Ásia","2016"
"Tailândia","Sim","Sim","Ásia","Ásia","2016"
"Taiwan","Sim","Sim","Ásia","Ásia","2016"
"Outros","Sim","Sim","Ásia","Ásia","2016"
"Alemanha","Sim","Sim","Europa","Europa","2016"
"Áustria","Sim","Sim","Europa","Europa","2016"
"Bélgica","Sim","Sim","Europa","Europa","2016"
"Bulgária","Sim","Sim","Europa","Europa","2016"
"Croácia","Sim","Não","Europa","Europa","2016"
"Dinamarca","Sim","Sim","Europa","Europa","2016"
"Eslováquia","Sim","Não","Europa","Europa","2016"
"Eslovênia","Sim","Não","Europa","Europa","2016"
"Espanha","Sim","Sim","Europa","Europa","2016"
"Estônia","Sim","Sim","Europa","Europa","2016"
"Finlândia","Sim","Sim","Europa","Europa","2016"
"França","Sim","Sim","Europa","Europa","2016"
"Grécia","Sim","Sim","Europa","Europa","2016"
"Holanda","Sim","Sim","Europa","Europa","2016"
"Hungria","Sim","Sim","Europa","Europa","2016"
"Irlanda","Sim","Sim","Europa","Europa","2016"
"Itália","Sim","Sim","Europa","Europa","2016"
"Letônia","Sim","Sim","Europa","Europa","2016"
"Lituânia","Sim","Sim","Europa","Europa","2016"
"Luxemburgo","Sim","Sim","Europa","Europa","2016"
"Noruega","Sim","Sim","Europa","Europa","2016"
"Polônia","Sim","Sim","Europa","Europa","2016"
"Portugal","Sim","Sim","Europa","Europa","2016"
"Reino Unido","Sim","Sim","Europa","Europa","2016"
"República Tcheca","Sim","Sim","Europa","Europa","2016"
"Romênia","Sim","Sim","Europa","Europa","2016"
"Rússia","Sim","Sim","Europa","Europa","2016"
"Sérvia","Sim","Sim","Europa","Europa","2016"
"Suécia","Sim","Sim","Europa","Europa","2016"
"Suíça","Sim","Sim","Europa","Europa","2016"
"Turquia","Sim","Sim","Europa","Europa","2016"
"Ucrânia","Sim","Sim","Europa","Europa","2016"
"Outros","Sim","Sim","Europa","Europa","2016"
"Austrália","Sim","Sim","Oceania","Oceania","2016"
"Nova Zelândia","Sim","Sim","Oceania","Oceania","2016"
"Outros","Sim","Sim","Oceania","Oceania","2016"
"Países não especificados","Sim","Não","Desconhecido","Oceania","2016"
"África do Sul","Sim","Sim","África","África","2017"
"Angola","Sim","Não","África","África","2017"
"Cabo Verde","Sim","Sim","África","África","2017"
"Egito","Sim","Sim","África","África","2017"
"Gana","Sim","Não","África","África","2017"
"Marrocos","Sim","Sim","África","África","2017"
"Moçambique","Sim","Não","África","África","2017"
"Nigéria","Sim","Não","África","África","2017"
"Quênia","Sim","Não","África","África","2017"
"Tunísia","Sim","Sim","África","África","2017"
"Outros","Sim","Sim","África","África","2017"
"Costa Rica","Sim","Sim","América Central e Caribe","América","2017"
"Cuba","Sim","Não","América Central e Caribe","América","2017"
"El Salvador","Sim","Não","América Central e Caribe","América","2017"
"Guatemala","Sim","Não","América Central e Caribe","América","2017"
"Haiti","Sim","Não","América Central e Caribe","América","2017"
"Honduras","Sim","Sim","América Central e Caribe","América","2017"
"Nicarágua","Sim","Sim","América Central e Caribe","América","2017"
"Panamá","Sim","Sim","América Central e Caribe","América","2017"
"República Dominicana","Sim","Sim","América Central e Caribe","América","2017"
"Trinidad e Tobago","Sim","Sim","América Central e Caribe","América","2017"
"Outros","Sim","Sim","América Central e Caribe","América","2017"
"Canadá","Sim","Sim","América do Norte","América","2017"
"Estados Unidos","Sim","Sim","América do Norte","América","2017"
"México","Sim","Sim","América do Norte","América","2017"
"Argentina","Sim","Sim","América do Sul","América","2017"
"Bolívia","Sim","Sim","América do Sul","América","2017"
"Chile","Sim","Sim","América do Sul","América","2017"
"Colômbia","Sim","Sim","América do Sul","América","2017"
"Equador","Sim","Sim","América do Sul","América","2017"
"Guiana","Sim","Sim","América do Sul","América","2017"
"Guiana Francesa","Sim","Não","América do Sul","América","2017"
"Paraguai","Sim","Sim","América do Sul","América","2017"
"Peru","Sim","Sim","América do Sul","América","2017"
"Suriname","Sim","Não","América do Sul","América","2017"
"Uruguai","Sim","Sim","América do Sul","América","2017"
"Venezuela","Sim","Sim","América do Sul","América","2017"
"Arábia Saudita","Sim","Não","Ásia","Ásia","2017"
"Bangladesh","Sim","Não","Ásia","Ásia","2017"
"China","Sim","Sim","Ásia","Ásia","2017"
"China, Hong Kong","Sim","Sim","Ásia","Ásia","2017"
"Cingapura","Sim","Sim","Ásia","Ásia","2017"
"Filipinas","Sim","Sim","Ásia","Ásia","2017"
"Índia","Sim","Sim","Ásia","Ásia","2017"
"Indonésia","Sim","Sim","Ásia","Ásia","2017"
"Irã","Sim","Não","Ásia","Ásia","2017"
"Israel","Sim","Sim","Ásia","Ásia","2017"
"Japão","Sim","Sim","Ásia","Ásia","2017"
"Líbano","Sim","Não","Ásia","Ásia","2017"
"Malásia","Sim","Sim","Ásia","Ásia","2017"
"Paquistão","Sim","Não","Ásia","Ásia","2017"
"República da Coreia","Sim","Sim","Ásia","Ásia","2017"
"Síria","Sim","Não","Ásia","Ásia","2017"
"Tailândia","Sim","Sim","Ásia","Ásia","2017"
"Taiwan","Sim","Sim","Ásia","Ásia","2017"
"Outros","Sim","Sim","Ásia","Ásia","2017"
"Alemanha","Sim","Sim","Europa","Europa","2017"
"Áustria","Sim","Sim","Europa","Europa","2017"
"Bélgica","Sim","Sim","Europa","Europa","2017"
"Bulgária","Sim","Sim","Europa","Europa","2017"
"Croácia","Sim","Sim","Europa","Europa","2017"
"Dinamarca","Sim","Sim","Europa","Europa","2017"
"Eslováquia","Sim","Sim","Europa","Europa","2017"
"Eslovênia","Sim","Sim","Europa","Europa","2017"
"Espanha","Sim","Sim","Europa","Europa","2017"
"Estônia","Sim","Sim","Europa","Europa","2017"
"Finlândia","Sim","Sim","Europa","Europa","2017"
"França","Sim","Sim","Europa","Europa","2017"
"Grécia","Sim","Sim","Europa","Europa","2017"
"Holanda","Sim","Sim","Europa","Europa","2017"
"Hungria","Sim","Sim","Europa","Europa","2017"
"Irlanda","Sim","Sim","Europa","Europa","2017"
"Itália","Sim","Sim","Europa","Europa","2017"
"Letônia","Sim","Sim","Europa","Europa","2017"
"Lituânia","Sim","Sim","Europa","Europa","2017"
"Luxemburgo","Sim","Sim","Europa","Europa","2017"
"Noruega","Sim","Sim","Europa","Europa","2017"
"Polônia","Sim","Sim","Europa","Europa","2017"
"Portugal","Sim","Sim","Europa","Europa","2017"
"Reino Unido","Sim","Sim","Europa","Europa","2017"
"República Tcheca","Sim","Sim","Europa","Europa","2017"
"Romênia","Sim","Sim","Europa","Europa","2017"
"Rússia","Sim","Sim","Europa","Europa","2017"
"Sérvia","Sim","Sim","Europa","Europa","2017"
"Suécia","Sim","Sim","Europa","Europa","2017"
"Suíça","Sim","Sim","Europa","Europa","2017"
"Turquia","Sim","Sim","Europa","Europa","2017"
"Ucrânia","Sim","Sim","Europa","Europa","2017"
"Outros","Sim","Sim","Europa","Europa","2017"
"Austrália","Sim","Sim","Oceania","Oceania","2017"
"Nova Zelândia","Sim","Sim","Oceania","Oceania","2017"
"Outros","Sim","Não","Oceania","Oceania","2017"
"Países não especificados","Não","Não","Desconhecido","Oceania","2017"
"África do Sul","Sim","Sim","África","África","2018"
"Angola","Sim","Não","África","África","2018"
"Cabo Verde","Sim","Sim","África","África","2018"
"Egito","Sim","Sim","África","África","2018"
"Gana","Sim","Não","África","África","2018"
"Marrocos","Sim","Sim","África","África","2018"
"Moçambique","Sim","Não","África","África","2018"
"Nigéria","Sim","Não","África","África","2018"
"Quênia","Sim","Sim","África","África","2018"
"Tunísia","Sim","Não","África","África","2018"
"Outros","Sim","Sim","África","África","2018"
"Costa Rica","Sim","Sim","América Central e Caribe","América","2018"
"Cuba","Sim","Sim","América Central e Caribe","América","2018"
"El Salvador","Sim","Sim","América Central e Caribe","América","2018"
"Guatemala","Sim","Sim","América Central e Caribe","América","2018"
"Haiti","Sim","Sim","América Central e Caribe","América","2018"
"Honduras","Sim","Sim","América Central e Caribe","América","2018"
"Nicarágua","Sim","Sim","América Central e Caribe","América","2018"
"Panamá","Sim","Sim","América Central e Caribe","América","2018"
"República Dominicana","Sim","Sim","América Central e Caribe","América","2018"
"Trinidad e Tobago","Sim","Sim","América Central e Caribe","América","2018"
"Outros","Sim","Sim","América Central e Caribe","América","2018"
"Canadá","Sim","Sim","América do Norte","América","2018"
"Estados Unidos","Sim","Sim","América do Norte","América","2018"
"México","Sim","Sim","América do Norte","América","2018"
"Argentina","Sim","Sim","América do Sul","América","2018"
"Bolívia","Sim","Sim","América do Sul","América","2018"
"Chile","Sim","Sim","América do Sul","América","2018"
"Colômbia","Sim","Sim","América do Sul","América","2018"
"Equador","Sim","Sim","América do Sul","América","2018"
"Guiana","Sim","Não","América do Sul","América","2018"
"Guiana Francesa","Não","Não","América do Sul","América","2018"
"Paraguai","Sim","Sim","América do Sul","América","2018"
"Peru","Sim","Sim","América do Sul","América","2018"
"Suriname","Sim","Não","América do Sul","América","2018"
"Uruguai","Sim","Sim","América do Sul","América","2018"
"Venezuela","Sim","Sim","América do Sul","América","2018"
"Arábia Saudita","Sim","Não","Ásia","Ásia","2018"
"Bangladesh","Sim","Não","Ásia","Ásia","2018"
"China","Sim","Sim","Ásia","Ásia","2018"
"China, Hong Kong","Sim","Sim","Ásia","Ásia","2018"
"Cingapura","Sim","Sim","Ásia","Ásia","2018"
"Filipinas","Sim","Sim","Ásia","Ásia","2018"
"Índia","Sim","Sim","Ásia","Ásia","2018"
"Indonésia","Sim","Sim","Ásia","Ásia","2018"
"Irã","Sim","Não","Ásia","Ásia","2018"
"Israel","Sim","Sim","Ásia","Ásia","2018"
"Japão","Sim","Sim","Ásia","Ásia","2018"
"Líbano","Sim","Não","Ásia","Ásia","2018"
"Malásia","Sim","Sim","Ásia","Ásia","2018"
"Paquistão","Sim","Não","Ásia","Ásia","2018"
"República da Coreia","Sim","Sim","Ásia","Ásia","2018"
"Síria","Sim","Não","Ásia","Ásia","2018"
"Tailândia","Sim","Sim","Ásia","Ásia","2018"
"Taiwan","Sim","Sim","Ásia","Ásia","2018"
"Outros","Sim","Sim","Ásia","Ásia","2018"
"Alemanha","Sim","Sim","Europa","Europa","2018"
"Áustria","Sim","Sim","Europa","Europa","2018"
"Bélgica","Sim","Sim","Europa","Europa","2018"
"Bulgária","Sim","Sim","Europa","Europa","2018"
"Croácia","Sim","Sim","Europa","Europa","2018"
"Dinamarca","Sim","Sim","Europa","Europa","2018"
"Eslováquia","Sim","Sim","Europa","Europa","2018"
"Eslovênia","Sim","Sim","Europa","Europa","2018"
"Espanha","Sim","Sim","Europa","Europa","2018"
"Estônia","Sim","Não","Europa","Europa","2018"
"Finlândia","Sim","Sim","Europa","Europa","2018"
"França","Sim","Sim","Europa","Europa","2018"
"Grécia","Sim","Sim","Europa","Europa","2018"
"Holanda","Sim","Sim","Europa","Europa","2018"
"Hungria","Sim","Sim","Europa","Europa","2018"
"Irlanda","Sim","Sim","Europa","Europa","2018"
"Itália","Sim","Sim","Europa","Europa","2018"
"Letônia","Sim","Sim","Europa","Europa","2018"
"Lituânia","Sim","Sim","Europa","Europa","2018"
"Luxemburgo","Sim","Sim","Europa","Europa","2018"
"Noruega","Sim","Sim","Europa","Europa","2018"
"Polônia","Sim","Sim","Europa","Europa","2018"
"Portugal","Sim","Sim","Europa","Europa","2018"
"Reino Unido","Sim","Sim","Europa","Europa","2018"
"República Tcheca","Sim","Sim","Europa","Europa","2018"
"Romênia","Sim","Sim","Europa","Europa","2018"
"Rússia","Sim","Sim","Europa","Europa","2018"
"Sérvia","Sim","Sim","Europa","Europa","2018"
"Suécia","Sim","Sim","Europa","Europa","2018"
"Suíça","Sim","Sim","Europa","Europa","2018"
"Turquia","Sim","Sim","Europa","Europa","2018"
"Ucrânia","Sim","Sim","Europa","Europa","2018"
"Outros","Sim","Sim","Europa","Europa","2018"
"Austrália","Sim","Sim","Oceania","Oceania","2018"
"Nova Zelândia","Sim","Sim","Oceania","Oceania","2018"
"Outros","Sim","Sim","Oceania","Oceania","2018"
"Países não especificados","Sim","Não","Desconhecido","Oceania","2018"
"África do Sul","Sim","Sim","África","África","2019"
"Angola","Sim","Não","África","África","2019"
"Cabo Verde","Sim","Não","África","África","2019"
"Egito","Sim","Sim","África","África","2019"
"Gana","Sim","Não","África","África","2019"
"Marrocos","Sim","Não","África","África","2019"
"Moçambique","Sim","Sim","África","África","2019"
"Nigéria","Sim","Não","África","África","2019"
"Quênia","Sim","Sim","África","África","2019"
"Tunísia","Sim","Sim","África","África","2019"
"Outros","Sim","Sim","África","África","2019"
"Costa Rica","Sim","Sim","América Central e Caribe","América","2019"
"Cuba","Sim","Sim","América Central e Caribe","América","2019"
"El Salvador","Sim","Sim","América Central e Caribe","América","2019"
"Guatemala","Sim","Sim","América Central e Caribe","América","2019"
"Haiti","Sim","Não","América Central e Caribe","América","2019"
"Honduras","Sim","Sim","América Central e Caribe","América","2019"
"Nicarágua","Sim","Sim","América Central e Caribe","América","2019"
"Panamá","Sim","Sim","América Central e Caribe","América","2019"
"República Dominicana","Sim","Sim","América Central e Caribe","América","2019"
"Trinidad e Tobago","Sim","Sim","América Central e Caribe","América","2019"
"Outros","Sim","Sim","América Central e Caribe","América","2019"
"Canadá","Sim","Sim","América do Norte","América","2019"
"Estados Unidos","Sim","Sim","América do Norte","América","2019"
"México","Sim","Sim","América do Norte","América","2019"
"Argentina","Sim","Sim","América do Sul","América","2019"
"Bolívia","Sim","Sim","América do Sul","América","2019"
"Chile","Sim","Sim","América do Sul","América","2019"
"Colômbia","Sim","Sim","América do Sul","América","2019"
"Equador","Sim","Sim","América do Sul","América","2019"
"Guiana","Sim","Sim","América do Sul","América","2019"
"Guiana Francesa","Não","Não","América do Sul","América","2019"
"Paraguai","Sim","Sim","América do Sul","América","2019"
"Peru","Sim","Sim","América do Sul","América","2019"
"Suriname","Sim","Não","América do Sul","América","2019"
"Uruguai","Sim","Sim","América do Sul","América","2019"
"Venezuela","Sim","Sim","América do Sul","América","2019"
"Arábia Saudita","Sim","Não","Ásia","Ásia","2019"
"Bangladesh","Sim","Não","Ásia","Ásia","2019"
"China","Sim","Sim","Ásia","Ásia","2019"
"China, Hong Kong","Sim","Sim","Ásia","Ásia","2019"
"Cingapura","Sim","Sim","Ásia","Ásia","2019"
"Filipinas","Sim","Sim","Ásia","Ásia","2019"
"Índia","Sim","Sim","Ásia","Ásia","2019"
"Indonésia","Sim","Sim","Ásia","Ásia","2019"
"Irã","Sim","Não","Ásia","Ásia","2019"
"Israel","Sim","Sim","Ásia","Ásia","2019"
"Japão","Sim","Sim","Ásia","Ásia","2019"
"Líbano","Sim","Sim","Ásia","Ásia","2019"
"Malásia","Sim","Sim","Ásia","Ásia","2019"
"Paquistão","Sim","Não","Ásia","Ásia","2019"
"República da Coreia","Sim","Sim","Ásia","Ásia","2019"
"Síria","Sim","Não","Ásia","Ásia","2019"
"Tailândia","Sim","Sim","Ásia","Ásia","2019"
"Taiwan","Sim","Sim","Ásia","Ásia","2019"
"Outros","Sim","Sim","Ásia","Ásia","2019"
"Alemanha","Sim","Sim","Europa","Europa","2019"
"Áustria","Sim","Sim","Europa","Europa","2019"
"Bélgica","Sim","Sim","Europa","Europa","2019"
"Bulgária","Sim","Sim","Europa","Europa","2019"
"Croácia","Sim","Sim","Europa","Europa","2019"
"Dinamarca","Sim","Sim","Europa","Europa","2019"
"Eslováquia","Sim","Sim","Europa","Europa","2019"
"Eslovênia","Sim","Sim","Europa","Europa","2019"
"Espanha","Sim","Sim","Europa","Europa","2019"
"Estônia","Sim","Sim","Europa","Europa","2019"
"Finlândia","Sim","Sim","Europa","Europa","2019"
"França","Sim","Sim","Europa","Europa","2019"
"Grécia","Sim","Sim","Europa","Europa","2019"
"Holanda","Sim","Sim","Europa","Europa","2019"
"Hungria","Sim","Sim","Europa","Europa","2019"
"Irlanda","Sim","Sim","Europa","Europa","2019"
"Itália","Sim","Sim","Europa","Europa","2019"
"Letônia","Sim","Sim","Europa","Europa","2019"
"Lituânia","Sim","Sim","Europa","Europa","2019"
"Luxemburgo","Sim","Não","Europa","Europa","2019"
"Noruega","Sim","Sim","Europa","Europa","2019"
"Polônia","Sim","Sim","Europa","Europa","2019"
"Portugal","Sim","Sim","Europa","Europa","2019"
"Reino Unido","Sim","Sim","Europa","Europa","2019"
"República Tcheca","Sim","Sim","Europa","Europa","2019"
"Romênia","Sim","Sim","Europa","Europa","2019"
"Rússia","Sim","Sim","Europa","Europa","2019"
"Sérvia","Sim","Sim","Europa","Europa","2019"
"Suécia","Sim","Sim","Europa","Europa","2019"
"Suíça","Sim","Sim","Europa","Europa","2019"
"Turquia","Sim","Sim","Europa","Europa","2019"
"Ucrânia","Sim","Sim","Europa","Europa","2019"
"Outros","Sim","Sim","Europa","Europa","2019"
"Austrália","Sim","Sim","Oceania","Oceania","2019"
"Nova Zelândia","Sim","Sim","Oceania","Oceania","2019"
"Outros","Sim","Sim","Oceania","Oceania","2019"
"Países não especificados","Sim","Não","Desconhecido","Oceania","2019"
